song_id,link
370177,http://ccmir.cite.hku.hk/data/gc15/370177.mp3
1119687,http://ccmir.cite.hku.hk/data/gc15/1119687.mp3
77933,http://ccmir.cite.hku.hk/data/gc15/77933.mp3
238585,http://ccmir.cite.hku.hk/data/gc15/238585.mp3
1168711,http://ccmir.cite.hku.hk/data/gc15/1168711.mp3
370260,http://ccmir.cite.hku.hk/data/gc15/370260.mp3
197855,http://ccmir.cite.hku.hk/data/gc15/197855.mp3
719759,http://ccmir.cite.hku.hk/data/gc15/719759.mp3
769143,http://ccmir.cite.hku.hk/data/gc15/769143.mp3
425531,http://ccmir.cite.hku.hk/data/gc15/425531.mp3
265968,http://ccmir.cite.hku.hk/data/gc15/265968.mp3
1218955,http://ccmir.cite.hku.hk/data/gc15/1218955.mp3
1243017,http://ccmir.cite.hku.hk/data/gc15/1243017.mp3
1119655,http://ccmir.cite.hku.hk/data/gc15/1119655.mp3
1109636,http://ccmir.cite.hku.hk/data/gc15/1109636.mp3
423152,http://ccmir.cite.hku.hk/data/gc15/423152.mp3
1119658,http://ccmir.cite.hku.hk/data/gc15/1119658.mp3
950929,http://ccmir.cite.hku.hk/data/gc15/950929.mp3
763912,http://ccmir.cite.hku.hk/data/gc15/763912.mp3
873131,http://ccmir.cite.hku.hk/data/gc15/873131.mp3
1119686,http://ccmir.cite.hku.hk/data/gc15/1119686.mp3
1032378,http://ccmir.cite.hku.hk/data/gc15/1032378.mp3
368188,http://ccmir.cite.hku.hk/data/gc15/368188.mp3
116900,http://ccmir.cite.hku.hk/data/gc15/116900.mp3
425532,http://ccmir.cite.hku.hk/data/gc15/425532.mp3
1106477,http://ccmir.cite.hku.hk/data/gc15/1106477.mp3
1056280,http://ccmir.cite.hku.hk/data/gc15/1056280.mp3
395289,http://ccmir.cite.hku.hk/data/gc15/395289.mp3
334661,http://ccmir.cite.hku.hk/data/gc15/334661.mp3
114781,http://ccmir.cite.hku.hk/data/gc15/114781.mp3
334659,http://ccmir.cite.hku.hk/data/gc15/334659.mp3
895271,http://ccmir.cite.hku.hk/data/gc15/895271.mp3
80408,http://ccmir.cite.hku.hk/data/gc15/80408.mp3
520835,http://ccmir.cite.hku.hk/data/gc15/520835.mp3
1234069,http://ccmir.cite.hku.hk/data/gc15/1234069.mp3
524653,http://ccmir.cite.hku.hk/data/gc15/524653.mp3
283343,http://ccmir.cite.hku.hk/data/gc15/283343.mp3
1143663,http://ccmir.cite.hku.hk/data/gc15/1143663.mp3
467927,http://ccmir.cite.hku.hk/data/gc15/467927.mp3
1124800,http://ccmir.cite.hku.hk/data/gc15/1124800.mp3
25217,http://ccmir.cite.hku.hk/data/gc15/25217.mp3
1119018,http://ccmir.cite.hku.hk/data/gc15/1119018.mp3
1107251,http://ccmir.cite.hku.hk/data/gc15/1107251.mp3
1119020,http://ccmir.cite.hku.hk/data/gc15/1119020.mp3
25385,http://ccmir.cite.hku.hk/data/gc15/25385.mp3
175331,http://ccmir.cite.hku.hk/data/gc15/175331.mp3
1143656,http://ccmir.cite.hku.hk/data/gc15/1143656.mp3
80616,http://ccmir.cite.hku.hk/data/gc15/80616.mp3
461018,http://ccmir.cite.hku.hk/data/gc15/461018.mp3
703361,http://ccmir.cite.hku.hk/data/gc15/703361.mp3
1133532,http://ccmir.cite.hku.hk/data/gc15/1133532.mp3
1117813,http://ccmir.cite.hku.hk/data/gc15/1117813.mp3
1038567,http://ccmir.cite.hku.hk/data/gc15/1038567.mp3
552655,http://ccmir.cite.hku.hk/data/gc15/552655.mp3
26404,http://ccmir.cite.hku.hk/data/gc15/26404.mp3
983415,http://ccmir.cite.hku.hk/data/gc15/983415.mp3
983414,http://ccmir.cite.hku.hk/data/gc15/983414.mp3
1165641,http://ccmir.cite.hku.hk/data/gc15/1165641.mp3
1128524,http://ccmir.cite.hku.hk/data/gc15/1128524.mp3
945192,http://ccmir.cite.hku.hk/data/gc15/945192.mp3
330650,http://ccmir.cite.hku.hk/data/gc15/330650.mp3
25383,http://ccmir.cite.hku.hk/data/gc15/25383.mp3
437791,http://ccmir.cite.hku.hk/data/gc15/437791.mp3
737755,http://ccmir.cite.hku.hk/data/gc15/737755.mp3
1165278,http://ccmir.cite.hku.hk/data/gc15/1165278.mp3
103301,http://ccmir.cite.hku.hk/data/gc15/103301.mp3
1947,http://ccmir.cite.hku.hk/data/gc15/1947.mp3
26403,http://ccmir.cite.hku.hk/data/gc15/26403.mp3
1102306,http://ccmir.cite.hku.hk/data/gc15/1102306.mp3
461013,http://ccmir.cite.hku.hk/data/gc15/461013.mp3
74468,http://ccmir.cite.hku.hk/data/gc15/74468.mp3
1071844,http://ccmir.cite.hku.hk/data/gc15/1071844.mp3
540707,http://ccmir.cite.hku.hk/data/gc15/540707.mp3
42263,http://ccmir.cite.hku.hk/data/gc15/42263.mp3
703613,http://ccmir.cite.hku.hk/data/gc15/703613.mp3
1165400,http://ccmir.cite.hku.hk/data/gc15/1165400.mp3
777853,http://ccmir.cite.hku.hk/data/gc15/777853.mp3
1078438,http://ccmir.cite.hku.hk/data/gc15/1078438.mp3
225620,http://ccmir.cite.hku.hk/data/gc15/225620.mp3
1067700,http://ccmir.cite.hku.hk/data/gc15/1067700.mp3
5089,http://ccmir.cite.hku.hk/data/gc15/5089.mp3
951690,http://ccmir.cite.hku.hk/data/gc15/951690.mp3
339337,http://ccmir.cite.hku.hk/data/gc15/339337.mp3
503972,http://ccmir.cite.hku.hk/data/gc15/503972.mp3
188266,http://ccmir.cite.hku.hk/data/gc15/188266.mp3
236911,http://ccmir.cite.hku.hk/data/gc15/236911.mp3
972905,http://ccmir.cite.hku.hk/data/gc15/972905.mp3
1166871,http://ccmir.cite.hku.hk/data/gc15/1166871.mp3
157634,http://ccmir.cite.hku.hk/data/gc15/157634.mp3
318075,http://ccmir.cite.hku.hk/data/gc15/318075.mp3
379762,http://ccmir.cite.hku.hk/data/gc15/379762.mp3
1215510,http://ccmir.cite.hku.hk/data/gc15/1215510.mp3
345913,http://ccmir.cite.hku.hk/data/gc15/345913.mp3
127609,http://ccmir.cite.hku.hk/data/gc15/127609.mp3
376418,http://ccmir.cite.hku.hk/data/gc15/376418.mp3
240147,http://ccmir.cite.hku.hk/data/gc15/240147.mp3
765494,http://ccmir.cite.hku.hk/data/gc15/765494.mp3
84728,http://ccmir.cite.hku.hk/data/gc15/84728.mp3
1007842,http://ccmir.cite.hku.hk/data/gc15/1007842.mp3
358897,http://ccmir.cite.hku.hk/data/gc15/358897.mp3
1209516,http://ccmir.cite.hku.hk/data/gc15/1209516.mp3
2084,http://ccmir.cite.hku.hk/data/gc15/2084.mp3
858373,http://ccmir.cite.hku.hk/data/gc15/858373.mp3
476948,http://ccmir.cite.hku.hk/data/gc15/476948.mp3
936002,http://ccmir.cite.hku.hk/data/gc15/936002.mp3
1116406,http://ccmir.cite.hku.hk/data/gc15/1116406.mp3
26438,http://ccmir.cite.hku.hk/data/gc15/26438.mp3
18231,http://ccmir.cite.hku.hk/data/gc15/18231.mp3
1240700,http://ccmir.cite.hku.hk/data/gc15/1240700.mp3
1184891,http://ccmir.cite.hku.hk/data/gc15/1184891.mp3
777858,http://ccmir.cite.hku.hk/data/gc15/777858.mp3
40637,http://ccmir.cite.hku.hk/data/gc15/40637.mp3
1153685,http://ccmir.cite.hku.hk/data/gc15/1153685.mp3
1242645,http://ccmir.cite.hku.hk/data/gc15/1242645.mp3
259829,http://ccmir.cite.hku.hk/data/gc15/259829.mp3
415829,http://ccmir.cite.hku.hk/data/gc15/415829.mp3
399196,http://ccmir.cite.hku.hk/data/gc15/399196.mp3
464045,http://ccmir.cite.hku.hk/data/gc15/464045.mp3
306759,http://ccmir.cite.hku.hk/data/gc15/306759.mp3
519070,http://ccmir.cite.hku.hk/data/gc15/519070.mp3
1245661,http://ccmir.cite.hku.hk/data/gc15/1245661.mp3
162619,http://ccmir.cite.hku.hk/data/gc15/162619.mp3
1109774,http://ccmir.cite.hku.hk/data/gc15/1109774.mp3
48978,http://ccmir.cite.hku.hk/data/gc15/48978.mp3
461015,http://ccmir.cite.hku.hk/data/gc15/461015.mp3
31431,http://ccmir.cite.hku.hk/data/gc15/31431.mp3
84030,http://ccmir.cite.hku.hk/data/gc15/84030.mp3
117495,http://ccmir.cite.hku.hk/data/gc15/117495.mp3
1116249,http://ccmir.cite.hku.hk/data/gc15/1116249.mp3
117470,http://ccmir.cite.hku.hk/data/gc15/117470.mp3
176449,http://ccmir.cite.hku.hk/data/gc15/176449.mp3
1136662,http://ccmir.cite.hku.hk/data/gc15/1136662.mp3
945196,http://ccmir.cite.hku.hk/data/gc15/945196.mp3
1122162,http://ccmir.cite.hku.hk/data/gc15/1122162.mp3
26430,http://ccmir.cite.hku.hk/data/gc15/26430.mp3
1000086,http://ccmir.cite.hku.hk/data/gc15/1000086.mp3
295099,http://ccmir.cite.hku.hk/data/gc15/295099.mp3
692030,http://ccmir.cite.hku.hk/data/gc15/692030.mp3
377456,http://ccmir.cite.hku.hk/data/gc15/377456.mp3
402053,http://ccmir.cite.hku.hk/data/gc15/402053.mp3
1165401,http://ccmir.cite.hku.hk/data/gc15/1165401.mp3
1067335,http://ccmir.cite.hku.hk/data/gc15/1067335.mp3
950933,http://ccmir.cite.hku.hk/data/gc15/950933.mp3
1223252,http://ccmir.cite.hku.hk/data/gc15/1223252.mp3
1222618,http://ccmir.cite.hku.hk/data/gc15/1222618.mp3
117500,http://ccmir.cite.hku.hk/data/gc15/117500.mp3
387501,http://ccmir.cite.hku.hk/data/gc15/387501.mp3
170946,http://ccmir.cite.hku.hk/data/gc15/170946.mp3
744852,http://ccmir.cite.hku.hk/data/gc15/744852.mp3
48979,http://ccmir.cite.hku.hk/data/gc15/48979.mp3
415083,http://ccmir.cite.hku.hk/data/gc15/415083.mp3
1075892,http://ccmir.cite.hku.hk/data/gc15/1075892.mp3
477306,http://ccmir.cite.hku.hk/data/gc15/477306.mp3
1084434,http://ccmir.cite.hku.hk/data/gc15/1084434.mp3
1077690,http://ccmir.cite.hku.hk/data/gc15/1077690.mp3
18236,http://ccmir.cite.hku.hk/data/gc15/18236.mp3
1085412,http://ccmir.cite.hku.hk/data/gc15/1085412.mp3
387511,http://ccmir.cite.hku.hk/data/gc15/387511.mp3
1165640,http://ccmir.cite.hku.hk/data/gc15/1165640.mp3
42202,http://ccmir.cite.hku.hk/data/gc15/42202.mp3
1107409,http://ccmir.cite.hku.hk/data/gc15/1107409.mp3
1086405,http://ccmir.cite.hku.hk/data/gc15/1086405.mp3
324617,http://ccmir.cite.hku.hk/data/gc15/324617.mp3
272364,http://ccmir.cite.hku.hk/data/gc15/272364.mp3
1032796,http://ccmir.cite.hku.hk/data/gc15/1032796.mp3
1212588,http://ccmir.cite.hku.hk/data/gc15/1212588.mp3
88554,http://ccmir.cite.hku.hk/data/gc15/88554.mp3
270069,http://ccmir.cite.hku.hk/data/gc15/270069.mp3
150394,http://ccmir.cite.hku.hk/data/gc15/150394.mp3
90954,http://ccmir.cite.hku.hk/data/gc15/90954.mp3
275229,http://ccmir.cite.hku.hk/data/gc15/275229.mp3
1215266,http://ccmir.cite.hku.hk/data/gc15/1215266.mp3
1099620,http://ccmir.cite.hku.hk/data/gc15/1099620.mp3
698137,http://ccmir.cite.hku.hk/data/gc15/698137.mp3
429383,http://ccmir.cite.hku.hk/data/gc15/429383.mp3
301358,http://ccmir.cite.hku.hk/data/gc15/301358.mp3
42205,http://ccmir.cite.hku.hk/data/gc15/42205.mp3
1119024,http://ccmir.cite.hku.hk/data/gc15/1119024.mp3
1204397,http://ccmir.cite.hku.hk/data/gc15/1204397.mp3
1116425,http://ccmir.cite.hku.hk/data/gc15/1116425.mp3
476810,http://ccmir.cite.hku.hk/data/gc15/476810.mp3
1088645,http://ccmir.cite.hku.hk/data/gc15/1088645.mp3
184592,http://ccmir.cite.hku.hk/data/gc15/184592.mp3
1215268,http://ccmir.cite.hku.hk/data/gc15/1215268.mp3
1099501,http://ccmir.cite.hku.hk/data/gc15/1099501.mp3
966190,http://ccmir.cite.hku.hk/data/gc15/966190.mp3
1094515,http://ccmir.cite.hku.hk/data/gc15/1094515.mp3
247818,http://ccmir.cite.hku.hk/data/gc15/247818.mp3
1221997,http://ccmir.cite.hku.hk/data/gc15/1221997.mp3
1195639,http://ccmir.cite.hku.hk/data/gc15/1195639.mp3
108750,http://ccmir.cite.hku.hk/data/gc15/108750.mp3
843705,http://ccmir.cite.hku.hk/data/gc15/843705.mp3
1078430,http://ccmir.cite.hku.hk/data/gc15/1078430.mp3
388281,http://ccmir.cite.hku.hk/data/gc15/388281.mp3
1212782,http://ccmir.cite.hku.hk/data/gc15/1212782.mp3
1210841,http://ccmir.cite.hku.hk/data/gc15/1210841.mp3
1155003,http://ccmir.cite.hku.hk/data/gc15/1155003.mp3
423114,http://ccmir.cite.hku.hk/data/gc15/423114.mp3
967756,http://ccmir.cite.hku.hk/data/gc15/967756.mp3
477311,http://ccmir.cite.hku.hk/data/gc15/477311.mp3
423119,http://ccmir.cite.hku.hk/data/gc15/423119.mp3
1213843,http://ccmir.cite.hku.hk/data/gc15/1213843.mp3
26436,http://ccmir.cite.hku.hk/data/gc15/26436.mp3
1056172,http://ccmir.cite.hku.hk/data/gc15/1056172.mp3
213500,http://ccmir.cite.hku.hk/data/gc15/213500.mp3
47402,http://ccmir.cite.hku.hk/data/gc15/47402.mp3
49019,http://ccmir.cite.hku.hk/data/gc15/49019.mp3
905173,http://ccmir.cite.hku.hk/data/gc15/905173.mp3
925790,http://ccmir.cite.hku.hk/data/gc15/925790.mp3
1245069,http://ccmir.cite.hku.hk/data/gc15/1245069.mp3
262059,http://ccmir.cite.hku.hk/data/gc15/262059.mp3
1069380,http://ccmir.cite.hku.hk/data/gc15/1069380.mp3
387400,http://ccmir.cite.hku.hk/data/gc15/387400.mp3
585838,http://ccmir.cite.hku.hk/data/gc15/585838.mp3
1000113,http://ccmir.cite.hku.hk/data/gc15/1000113.mp3
950932,http://ccmir.cite.hku.hk/data/gc15/950932.mp3
1101049,http://ccmir.cite.hku.hk/data/gc15/1101049.mp3
1069411,http://ccmir.cite.hku.hk/data/gc15/1069411.mp3
133759,http://ccmir.cite.hku.hk/data/gc15/133759.mp3
12305,http://ccmir.cite.hku.hk/data/gc15/12305.mp3
1156086,http://ccmir.cite.hku.hk/data/gc15/1156086.mp3
243432,http://ccmir.cite.hku.hk/data/gc15/243432.mp3
261634,http://ccmir.cite.hku.hk/data/gc15/261634.mp3
117598,http://ccmir.cite.hku.hk/data/gc15/117598.mp3
34856,http://ccmir.cite.hku.hk/data/gc15/34856.mp3
662471,http://ccmir.cite.hku.hk/data/gc15/662471.mp3
80617,http://ccmir.cite.hku.hk/data/gc15/80617.mp3
26434,http://ccmir.cite.hku.hk/data/gc15/26434.mp3
1203033,http://ccmir.cite.hku.hk/data/gc15/1203033.mp3
537852,http://ccmir.cite.hku.hk/data/gc15/537852.mp3
1101045,http://ccmir.cite.hku.hk/data/gc15/1101045.mp3
672202,http://ccmir.cite.hku.hk/data/gc15/672202.mp3
1003620,http://ccmir.cite.hku.hk/data/gc15/1003620.mp3
1193297,http://ccmir.cite.hku.hk/data/gc15/1193297.mp3
12306,http://ccmir.cite.hku.hk/data/gc15/12306.mp3
76947,http://ccmir.cite.hku.hk/data/gc15/76947.mp3
1108983,http://ccmir.cite.hku.hk/data/gc15/1108983.mp3
73987,http://ccmir.cite.hku.hk/data/gc15/73987.mp3
1181542,http://ccmir.cite.hku.hk/data/gc15/1181542.mp3
1189608,http://ccmir.cite.hku.hk/data/gc15/1189608.mp3
1192283,http://ccmir.cite.hku.hk/data/gc15/1192283.mp3
18233,http://ccmir.cite.hku.hk/data/gc15/18233.mp3
33826,http://ccmir.cite.hku.hk/data/gc15/33826.mp3
1220722,http://ccmir.cite.hku.hk/data/gc15/1220722.mp3
18243,http://ccmir.cite.hku.hk/data/gc15/18243.mp3
405924,http://ccmir.cite.hku.hk/data/gc15/405924.mp3
18232,http://ccmir.cite.hku.hk/data/gc15/18232.mp3
843896,http://ccmir.cite.hku.hk/data/gc15/843896.mp3
519565,http://ccmir.cite.hku.hk/data/gc15/519565.mp3
989414,http://ccmir.cite.hku.hk/data/gc15/989414.mp3
415106,http://ccmir.cite.hku.hk/data/gc15/415106.mp3
372163,http://ccmir.cite.hku.hk/data/gc15/372163.mp3
399197,http://ccmir.cite.hku.hk/data/gc15/399197.mp3
1189615,http://ccmir.cite.hku.hk/data/gc15/1189615.mp3
3595,http://ccmir.cite.hku.hk/data/gc15/3595.mp3
605777,http://ccmir.cite.hku.hk/data/gc15/605777.mp3
79684,http://ccmir.cite.hku.hk/data/gc15/79684.mp3
8565,http://ccmir.cite.hku.hk/data/gc15/8565.mp3
73993,http://ccmir.cite.hku.hk/data/gc15/73993.mp3
29862,http://ccmir.cite.hku.hk/data/gc15/29862.mp3
114773,http://ccmir.cite.hku.hk/data/gc15/114773.mp3
440863,http://ccmir.cite.hku.hk/data/gc15/440863.mp3
226749,http://ccmir.cite.hku.hk/data/gc15/226749.mp3
709613,http://ccmir.cite.hku.hk/data/gc15/709613.mp3
784832,http://ccmir.cite.hku.hk/data/gc15/784832.mp3
1179446,http://ccmir.cite.hku.hk/data/gc15/1179446.mp3
946417,http://ccmir.cite.hku.hk/data/gc15/946417.mp3
1196479,http://ccmir.cite.hku.hk/data/gc15/1196479.mp3
430265,http://ccmir.cite.hku.hk/data/gc15/430265.mp3
3446,http://ccmir.cite.hku.hk/data/gc15/3446.mp3
894470,http://ccmir.cite.hku.hk/data/gc15/894470.mp3
628530,http://ccmir.cite.hku.hk/data/gc15/628530.mp3
894466,http://ccmir.cite.hku.hk/data/gc15/894466.mp3
40638,http://ccmir.cite.hku.hk/data/gc15/40638.mp3
1180823,http://ccmir.cite.hku.hk/data/gc15/1180823.mp3
415050,http://ccmir.cite.hku.hk/data/gc15/415050.mp3
167335,http://ccmir.cite.hku.hk/data/gc15/167335.mp3
380614,http://ccmir.cite.hku.hk/data/gc15/380614.mp3
18229,http://ccmir.cite.hku.hk/data/gc15/18229.mp3
154270,http://ccmir.cite.hku.hk/data/gc15/154270.mp3
707297,http://ccmir.cite.hku.hk/data/gc15/707297.mp3
186597,http://ccmir.cite.hku.hk/data/gc15/186597.mp3
575857,http://ccmir.cite.hku.hk/data/gc15/575857.mp3
380615,http://ccmir.cite.hku.hk/data/gc15/380615.mp3
457516,http://ccmir.cite.hku.hk/data/gc15/457516.mp3
975624,http://ccmir.cite.hku.hk/data/gc15/975624.mp3
1092623,http://ccmir.cite.hku.hk/data/gc15/1092623.mp3
33824,http://ccmir.cite.hku.hk/data/gc15/33824.mp3
1150787,http://ccmir.cite.hku.hk/data/gc15/1150787.mp3
586041,http://ccmir.cite.hku.hk/data/gc15/586041.mp3
149750,http://ccmir.cite.hku.hk/data/gc15/149750.mp3
989827,http://ccmir.cite.hku.hk/data/gc15/989827.mp3
370416,http://ccmir.cite.hku.hk/data/gc15/370416.mp3
112533,http://ccmir.cite.hku.hk/data/gc15/112533.mp3
546115,http://ccmir.cite.hku.hk/data/gc15/546115.mp3
1189603,http://ccmir.cite.hku.hk/data/gc15/1189603.mp3
189707,http://ccmir.cite.hku.hk/data/gc15/189707.mp3
285621,http://ccmir.cite.hku.hk/data/gc15/285621.mp3
458245,http://ccmir.cite.hku.hk/data/gc15/458245.mp3
23105,http://ccmir.cite.hku.hk/data/gc15/23105.mp3
1028450,http://ccmir.cite.hku.hk/data/gc15/1028450.mp3
262957,http://ccmir.cite.hku.hk/data/gc15/262957.mp3
312686,http://ccmir.cite.hku.hk/data/gc15/312686.mp3
1063450,http://ccmir.cite.hku.hk/data/gc15/1063450.mp3
645874,http://ccmir.cite.hku.hk/data/gc15/645874.mp3
1167225,http://ccmir.cite.hku.hk/data/gc15/1167225.mp3
523360,http://ccmir.cite.hku.hk/data/gc15/523360.mp3
187045,http://ccmir.cite.hku.hk/data/gc15/187045.mp3
414342,http://ccmir.cite.hku.hk/data/gc15/414342.mp3
1220730,http://ccmir.cite.hku.hk/data/gc15/1220730.mp3
1125420,http://ccmir.cite.hku.hk/data/gc15/1125420.mp3
1119022,http://ccmir.cite.hku.hk/data/gc15/1119022.mp3
140531,http://ccmir.cite.hku.hk/data/gc15/140531.mp3
1083659,http://ccmir.cite.hku.hk/data/gc15/1083659.mp3
28197,http://ccmir.cite.hku.hk/data/gc15/28197.mp3
958343,http://ccmir.cite.hku.hk/data/gc15/958343.mp3
905175,http://ccmir.cite.hku.hk/data/gc15/905175.mp3
959968,http://ccmir.cite.hku.hk/data/gc15/959968.mp3
1167541,http://ccmir.cite.hku.hk/data/gc15/1167541.mp3
1130631,http://ccmir.cite.hku.hk/data/gc15/1130631.mp3
1194595,http://ccmir.cite.hku.hk/data/gc15/1194595.mp3
379380,http://ccmir.cite.hku.hk/data/gc15/379380.mp3
169047,http://ccmir.cite.hku.hk/data/gc15/169047.mp3
1209703,http://ccmir.cite.hku.hk/data/gc15/1209703.mp3
1214515,http://ccmir.cite.hku.hk/data/gc15/1214515.mp3
285614,http://ccmir.cite.hku.hk/data/gc15/285614.mp3
1126452,http://ccmir.cite.hku.hk/data/gc15/1126452.mp3
170001,http://ccmir.cite.hku.hk/data/gc15/170001.mp3
1070214,http://ccmir.cite.hku.hk/data/gc15/1070214.mp3
489231,http://ccmir.cite.hku.hk/data/gc15/489231.mp3
47397,http://ccmir.cite.hku.hk/data/gc15/47397.mp3
17617,http://ccmir.cite.hku.hk/data/gc15/17617.mp3
1025722,http://ccmir.cite.hku.hk/data/gc15/1025722.mp3
159061,http://ccmir.cite.hku.hk/data/gc15/159061.mp3
284239,http://ccmir.cite.hku.hk/data/gc15/284239.mp3
1168273,http://ccmir.cite.hku.hk/data/gc15/1168273.mp3
1057689,http://ccmir.cite.hku.hk/data/gc15/1057689.mp3
1214580,http://ccmir.cite.hku.hk/data/gc15/1214580.mp3
25227,http://ccmir.cite.hku.hk/data/gc15/25227.mp3
1101043,http://ccmir.cite.hku.hk/data/gc15/1101043.mp3
214013,http://ccmir.cite.hku.hk/data/gc15/214013.mp3
1070102,http://ccmir.cite.hku.hk/data/gc15/1070102.mp3
1112095,http://ccmir.cite.hku.hk/data/gc15/1112095.mp3
1197618,http://ccmir.cite.hku.hk/data/gc15/1197618.mp3
1119811,http://ccmir.cite.hku.hk/data/gc15/1119811.mp3
1118590,http://ccmir.cite.hku.hk/data/gc15/1118590.mp3
359169,http://ccmir.cite.hku.hk/data/gc15/359169.mp3
1230727,http://ccmir.cite.hku.hk/data/gc15/1230727.mp3
277414,http://ccmir.cite.hku.hk/data/gc15/277414.mp3
36706,http://ccmir.cite.hku.hk/data/gc15/36706.mp3
359159,http://ccmir.cite.hku.hk/data/gc15/359159.mp3
125152,http://ccmir.cite.hku.hk/data/gc15/125152.mp3
1116766,http://ccmir.cite.hku.hk/data/gc15/1116766.mp3
232137,http://ccmir.cite.hku.hk/data/gc15/232137.mp3
1227905,http://ccmir.cite.hku.hk/data/gc15/1227905.mp3
871720,http://ccmir.cite.hku.hk/data/gc15/871720.mp3
2643,http://ccmir.cite.hku.hk/data/gc15/2643.mp3
417626,http://ccmir.cite.hku.hk/data/gc15/417626.mp3
133719,http://ccmir.cite.hku.hk/data/gc15/133719.mp3
897503,http://ccmir.cite.hku.hk/data/gc15/897503.mp3
127546,http://ccmir.cite.hku.hk/data/gc15/127546.mp3
125146,http://ccmir.cite.hku.hk/data/gc15/125146.mp3
898736,http://ccmir.cite.hku.hk/data/gc15/898736.mp3
333451,http://ccmir.cite.hku.hk/data/gc15/333451.mp3
543888,http://ccmir.cite.hku.hk/data/gc15/543888.mp3
405930,http://ccmir.cite.hku.hk/data/gc15/405930.mp3
601036,http://ccmir.cite.hku.hk/data/gc15/601036.mp3
1110481,http://ccmir.cite.hku.hk/data/gc15/1110481.mp3
543701,http://ccmir.cite.hku.hk/data/gc15/543701.mp3
189623,http://ccmir.cite.hku.hk/data/gc15/189623.mp3
565788,http://ccmir.cite.hku.hk/data/gc15/565788.mp3
781662,http://ccmir.cite.hku.hk/data/gc15/781662.mp3
559980,http://ccmir.cite.hku.hk/data/gc15/559980.mp3
1071845,http://ccmir.cite.hku.hk/data/gc15/1071845.mp3
416007,http://ccmir.cite.hku.hk/data/gc15/416007.mp3
1215400,http://ccmir.cite.hku.hk/data/gc15/1215400.mp3
378871,http://ccmir.cite.hku.hk/data/gc15/378871.mp3
14464,http://ccmir.cite.hku.hk/data/gc15/14464.mp3
1118585,http://ccmir.cite.hku.hk/data/gc15/1118585.mp3
543974,http://ccmir.cite.hku.hk/data/gc15/543974.mp3
1168283,http://ccmir.cite.hku.hk/data/gc15/1168283.mp3
1210426,http://ccmir.cite.hku.hk/data/gc15/1210426.mp3
662470,http://ccmir.cite.hku.hk/data/gc15/662470.mp3
1066203,http://ccmir.cite.hku.hk/data/gc15/1066203.mp3
1191330,http://ccmir.cite.hku.hk/data/gc15/1191330.mp3
1119021,http://ccmir.cite.hku.hk/data/gc15/1119021.mp3
399201,http://ccmir.cite.hku.hk/data/gc15/399201.mp3
707473,http://ccmir.cite.hku.hk/data/gc15/707473.mp3
29863,http://ccmir.cite.hku.hk/data/gc15/29863.mp3
1078218,http://ccmir.cite.hku.hk/data/gc15/1078218.mp3
243418,http://ccmir.cite.hku.hk/data/gc15/243418.mp3
1027165,http://ccmir.cite.hku.hk/data/gc15/1027165.mp3
983936,http://ccmir.cite.hku.hk/data/gc15/983936.mp3
667741,http://ccmir.cite.hku.hk/data/gc15/667741.mp3
662186,http://ccmir.cite.hku.hk/data/gc15/662186.mp3
327722,http://ccmir.cite.hku.hk/data/gc15/327722.mp3
283094,http://ccmir.cite.hku.hk/data/gc15/283094.mp3
1135698,http://ccmir.cite.hku.hk/data/gc15/1135698.mp3
331226,http://ccmir.cite.hku.hk/data/gc15/331226.mp3
81740,http://ccmir.cite.hku.hk/data/gc15/81740.mp3
77934,http://ccmir.cite.hku.hk/data/gc15/77934.mp3
1166387,http://ccmir.cite.hku.hk/data/gc15/1166387.mp3
992661,http://ccmir.cite.hku.hk/data/gc15/992661.mp3
520850,http://ccmir.cite.hku.hk/data/gc15/520850.mp3
738522,http://ccmir.cite.hku.hk/data/gc15/738522.mp3
1060726,http://ccmir.cite.hku.hk/data/gc15/1060726.mp3
428098,http://ccmir.cite.hku.hk/data/gc15/428098.mp3
247083,http://ccmir.cite.hku.hk/data/gc15/247083.mp3
944721,http://ccmir.cite.hku.hk/data/gc15/944721.mp3
431584,http://ccmir.cite.hku.hk/data/gc15/431584.mp3
73985,http://ccmir.cite.hku.hk/data/gc15/73985.mp3
810089,http://ccmir.cite.hku.hk/data/gc15/810089.mp3
233340,http://ccmir.cite.hku.hk/data/gc15/233340.mp3
1169718,http://ccmir.cite.hku.hk/data/gc15/1169718.mp3
190781,http://ccmir.cite.hku.hk/data/gc15/190781.mp3
1066966,http://ccmir.cite.hku.hk/data/gc15/1066966.mp3
125296,http://ccmir.cite.hku.hk/data/gc15/125296.mp3
664410,http://ccmir.cite.hku.hk/data/gc15/664410.mp3
369461,http://ccmir.cite.hku.hk/data/gc15/369461.mp3
372170,http://ccmir.cite.hku.hk/data/gc15/372170.mp3
1084910,http://ccmir.cite.hku.hk/data/gc15/1084910.mp3
276972,http://ccmir.cite.hku.hk/data/gc15/276972.mp3
1100909,http://ccmir.cite.hku.hk/data/gc15/1100909.mp3
1135431,http://ccmir.cite.hku.hk/data/gc15/1135431.mp3
1007928,http://ccmir.cite.hku.hk/data/gc15/1007928.mp3
217652,http://ccmir.cite.hku.hk/data/gc15/217652.mp3
288370,http://ccmir.cite.hku.hk/data/gc15/288370.mp3
363154,http://ccmir.cite.hku.hk/data/gc15/363154.mp3
188258,http://ccmir.cite.hku.hk/data/gc15/188258.mp3
188105,http://ccmir.cite.hku.hk/data/gc15/188105.mp3
1210604,http://ccmir.cite.hku.hk/data/gc15/1210604.mp3
317136,http://ccmir.cite.hku.hk/data/gc15/317136.mp3
1189414,http://ccmir.cite.hku.hk/data/gc15/1189414.mp3
1107843,http://ccmir.cite.hku.hk/data/gc15/1107843.mp3
2636,http://ccmir.cite.hku.hk/data/gc15/2636.mp3
183795,http://ccmir.cite.hku.hk/data/gc15/183795.mp3
374975,http://ccmir.cite.hku.hk/data/gc15/374975.mp3
1155216,http://ccmir.cite.hku.hk/data/gc15/1155216.mp3
1210742,http://ccmir.cite.hku.hk/data/gc15/1210742.mp3
1176145,http://ccmir.cite.hku.hk/data/gc15/1176145.mp3
1168053,http://ccmir.cite.hku.hk/data/gc15/1168053.mp3
935785,http://ccmir.cite.hku.hk/data/gc15/935785.mp3
1245959,http://ccmir.cite.hku.hk/data/gc15/1245959.mp3
662050,http://ccmir.cite.hku.hk/data/gc15/662050.mp3
1210732,http://ccmir.cite.hku.hk/data/gc15/1210732.mp3
921035,http://ccmir.cite.hku.hk/data/gc15/921035.mp3
1176149,http://ccmir.cite.hku.hk/data/gc15/1176149.mp3
679889,http://ccmir.cite.hku.hk/data/gc15/679889.mp3
1228459,http://ccmir.cite.hku.hk/data/gc15/1228459.mp3
782084,http://ccmir.cite.hku.hk/data/gc15/782084.mp3
1135751,http://ccmir.cite.hku.hk/data/gc15/1135751.mp3
83853,http://ccmir.cite.hku.hk/data/gc15/83853.mp3
1108620,http://ccmir.cite.hku.hk/data/gc15/1108620.mp3
114780,http://ccmir.cite.hku.hk/data/gc15/114780.mp3
1097089,http://ccmir.cite.hku.hk/data/gc15/1097089.mp3
34851,http://ccmir.cite.hku.hk/data/gc15/34851.mp3
662183,http://ccmir.cite.hku.hk/data/gc15/662183.mp3
207817,http://ccmir.cite.hku.hk/data/gc15/207817.mp3
1216490,http://ccmir.cite.hku.hk/data/gc15/1216490.mp3
769147,http://ccmir.cite.hku.hk/data/gc15/769147.mp3
114772,http://ccmir.cite.hku.hk/data/gc15/114772.mp3
218029,http://ccmir.cite.hku.hk/data/gc15/218029.mp3
768220,http://ccmir.cite.hku.hk/data/gc15/768220.mp3
1236358,http://ccmir.cite.hku.hk/data/gc15/1236358.mp3
73122,http://ccmir.cite.hku.hk/data/gc15/73122.mp3
1165703,http://ccmir.cite.hku.hk/data/gc15/1165703.mp3
106595,http://ccmir.cite.hku.hk/data/gc15/106595.mp3
661603,http://ccmir.cite.hku.hk/data/gc15/661603.mp3
114794,http://ccmir.cite.hku.hk/data/gc15/114794.mp3
117985,http://ccmir.cite.hku.hk/data/gc15/117985.mp3
707475,http://ccmir.cite.hku.hk/data/gc15/707475.mp3
703521,http://ccmir.cite.hku.hk/data/gc15/703521.mp3
313621,http://ccmir.cite.hku.hk/data/gc15/313621.mp3
374974,http://ccmir.cite.hku.hk/data/gc15/374974.mp3
302594,http://ccmir.cite.hku.hk/data/gc15/302594.mp3
89730,http://ccmir.cite.hku.hk/data/gc15/89730.mp3
12303,http://ccmir.cite.hku.hk/data/gc15/12303.mp3
288129,http://ccmir.cite.hku.hk/data/gc15/288129.mp3
3935,http://ccmir.cite.hku.hk/data/gc15/3935.mp3
34548,http://ccmir.cite.hku.hk/data/gc15/34548.mp3
150308,http://ccmir.cite.hku.hk/data/gc15/150308.mp3
1228291,http://ccmir.cite.hku.hk/data/gc15/1228291.mp3
1039406,http://ccmir.cite.hku.hk/data/gc15/1039406.mp3
1130764,http://ccmir.cite.hku.hk/data/gc15/1130764.mp3
324616,http://ccmir.cite.hku.hk/data/gc15/324616.mp3
491916,http://ccmir.cite.hku.hk/data/gc15/491916.mp3
1080287,http://ccmir.cite.hku.hk/data/gc15/1080287.mp3
324614,http://ccmir.cite.hku.hk/data/gc15/324614.mp3
26427,http://ccmir.cite.hku.hk/data/gc15/26427.mp3
11745,http://ccmir.cite.hku.hk/data/gc15/11745.mp3
797181,http://ccmir.cite.hku.hk/data/gc15/797181.mp3
202039,http://ccmir.cite.hku.hk/data/gc15/202039.mp3
1022622,http://ccmir.cite.hku.hk/data/gc15/1022622.mp3
194485,http://ccmir.cite.hku.hk/data/gc15/194485.mp3
777820,http://ccmir.cite.hku.hk/data/gc15/777820.mp3
117499,http://ccmir.cite.hku.hk/data/gc15/117499.mp3
1111236,http://ccmir.cite.hku.hk/data/gc15/1111236.mp3
46536,http://ccmir.cite.hku.hk/data/gc15/46536.mp3
1117254,http://ccmir.cite.hku.hk/data/gc15/1117254.mp3
1220399,http://ccmir.cite.hku.hk/data/gc15/1220399.mp3
57863,http://ccmir.cite.hku.hk/data/gc15/57863.mp3
169046,http://ccmir.cite.hku.hk/data/gc15/169046.mp3
1052629,http://ccmir.cite.hku.hk/data/gc15/1052629.mp3
1023744,http://ccmir.cite.hku.hk/data/gc15/1023744.mp3
1020556,http://ccmir.cite.hku.hk/data/gc15/1020556.mp3
1181641,http://ccmir.cite.hku.hk/data/gc15/1181641.mp3
1084528,http://ccmir.cite.hku.hk/data/gc15/1084528.mp3
618565,http://ccmir.cite.hku.hk/data/gc15/618565.mp3
911753,http://ccmir.cite.hku.hk/data/gc15/911753.mp3
40634,http://ccmir.cite.hku.hk/data/gc15/40634.mp3
1197619,http://ccmir.cite.hku.hk/data/gc15/1197619.mp3
134851,http://ccmir.cite.hku.hk/data/gc15/134851.mp3
1122086,http://ccmir.cite.hku.hk/data/gc15/1122086.mp3
34549,http://ccmir.cite.hku.hk/data/gc15/34549.mp3
257179,http://ccmir.cite.hku.hk/data/gc15/257179.mp3
1221936,http://ccmir.cite.hku.hk/data/gc15/1221936.mp3
167271,http://ccmir.cite.hku.hk/data/gc15/167271.mp3
64507,http://ccmir.cite.hku.hk/data/gc15/64507.mp3
307389,http://ccmir.cite.hku.hk/data/gc15/307389.mp3
1212386,http://ccmir.cite.hku.hk/data/gc15/1212386.mp3
1081103,http://ccmir.cite.hku.hk/data/gc15/1081103.mp3
359580,http://ccmir.cite.hku.hk/data/gc15/359580.mp3
1096882,http://ccmir.cite.hku.hk/data/gc15/1096882.mp3
33177,http://ccmir.cite.hku.hk/data/gc15/33177.mp3
644073,http://ccmir.cite.hku.hk/data/gc15/644073.mp3
945194,http://ccmir.cite.hku.hk/data/gc15/945194.mp3
76972,http://ccmir.cite.hku.hk/data/gc15/76972.mp3
1132659,http://ccmir.cite.hku.hk/data/gc15/1132659.mp3
185986,http://ccmir.cite.hku.hk/data/gc15/185986.mp3
404269,http://ccmir.cite.hku.hk/data/gc15/404269.mp3
587288,http://ccmir.cite.hku.hk/data/gc15/587288.mp3
312916,http://ccmir.cite.hku.hk/data/gc15/312916.mp3
124155,http://ccmir.cite.hku.hk/data/gc15/124155.mp3
549522,http://ccmir.cite.hku.hk/data/gc15/549522.mp3
92051,http://ccmir.cite.hku.hk/data/gc15/92051.mp3
415827,http://ccmir.cite.hku.hk/data/gc15/415827.mp3
1082356,http://ccmir.cite.hku.hk/data/gc15/1082356.mp3
972233,http://ccmir.cite.hku.hk/data/gc15/972233.mp3
1205705,http://ccmir.cite.hku.hk/data/gc15/1205705.mp3
1084435,http://ccmir.cite.hku.hk/data/gc15/1084435.mp3
1209701,http://ccmir.cite.hku.hk/data/gc15/1209701.mp3
5760,http://ccmir.cite.hku.hk/data/gc15/5760.mp3
818605,http://ccmir.cite.hku.hk/data/gc15/818605.mp3
917538,http://ccmir.cite.hku.hk/data/gc15/917538.mp3
769146,http://ccmir.cite.hku.hk/data/gc15/769146.mp3
816200,http://ccmir.cite.hku.hk/data/gc15/816200.mp3
207996,http://ccmir.cite.hku.hk/data/gc15/207996.mp3
1078703,http://ccmir.cite.hku.hk/data/gc15/1078703.mp3
1136677,http://ccmir.cite.hku.hk/data/gc15/1136677.mp3
1119016,http://ccmir.cite.hku.hk/data/gc15/1119016.mp3
6720,http://ccmir.cite.hku.hk/data/gc15/6720.mp3
6719,http://ccmir.cite.hku.hk/data/gc15/6719.mp3
1067290,http://ccmir.cite.hku.hk/data/gc15/1067290.mp3
950931,http://ccmir.cite.hku.hk/data/gc15/950931.mp3
559983,http://ccmir.cite.hku.hk/data/gc15/559983.mp3
312987,http://ccmir.cite.hku.hk/data/gc15/312987.mp3
47558,http://ccmir.cite.hku.hk/data/gc15/47558.mp3
789282,http://ccmir.cite.hku.hk/data/gc15/789282.mp3
945198,http://ccmir.cite.hku.hk/data/gc15/945198.mp3
20947,http://ccmir.cite.hku.hk/data/gc15/20947.mp3
1089086,http://ccmir.cite.hku.hk/data/gc15/1089086.mp3
20354,http://ccmir.cite.hku.hk/data/gc15/20354.mp3
226576,http://ccmir.cite.hku.hk/data/gc15/226576.mp3
1112359,http://ccmir.cite.hku.hk/data/gc15/1112359.mp3
1136663,http://ccmir.cite.hku.hk/data/gc15/1136663.mp3
213945,http://ccmir.cite.hku.hk/data/gc15/213945.mp3
1073524,http://ccmir.cite.hku.hk/data/gc15/1073524.mp3
233257,http://ccmir.cite.hku.hk/data/gc15/233257.mp3
76981,http://ccmir.cite.hku.hk/data/gc15/76981.mp3
417581,http://ccmir.cite.hku.hk/data/gc15/417581.mp3
768237,http://ccmir.cite.hku.hk/data/gc15/768237.mp3
1157090,http://ccmir.cite.hku.hk/data/gc15/1157090.mp3
1189614,http://ccmir.cite.hku.hk/data/gc15/1189614.mp3
233269,http://ccmir.cite.hku.hk/data/gc15/233269.mp3
233316,http://ccmir.cite.hku.hk/data/gc15/233316.mp3
520341,http://ccmir.cite.hku.hk/data/gc15/520341.mp3
412140,http://ccmir.cite.hku.hk/data/gc15/412140.mp3
1087437,http://ccmir.cite.hku.hk/data/gc15/1087437.mp3
233262,http://ccmir.cite.hku.hk/data/gc15/233262.mp3
768231,http://ccmir.cite.hku.hk/data/gc15/768231.mp3
653892,http://ccmir.cite.hku.hk/data/gc15/653892.mp3
1121242,http://ccmir.cite.hku.hk/data/gc15/1121242.mp3
255557,http://ccmir.cite.hku.hk/data/gc15/255557.mp3
75190,http://ccmir.cite.hku.hk/data/gc15/75190.mp3
114196,http://ccmir.cite.hku.hk/data/gc15/114196.mp3
342261,http://ccmir.cite.hku.hk/data/gc15/342261.mp3
1155243,http://ccmir.cite.hku.hk/data/gc15/1155243.mp3
49224,http://ccmir.cite.hku.hk/data/gc15/49224.mp3
880876,http://ccmir.cite.hku.hk/data/gc15/880876.mp3
1172834,http://ccmir.cite.hku.hk/data/gc15/1172834.mp3
1110094,http://ccmir.cite.hku.hk/data/gc15/1110094.mp3
319444,http://ccmir.cite.hku.hk/data/gc15/319444.mp3
